-- ========================================================================
-- =                              TAINO                                  =
-- ========================================================================

-- change startBias
DELETE FROM StartBiasTerrains WHERE CivilizationType = 'CIVILIZATION_CVS_TAINO';
DELETE FROM StartBiasResources WHERE CivilizationType = 'CIVILIZATION_CVS_TAINO';
-- delete base effect
DELETE FROM Modifiers WHERE ModifierId='MODIFIER_CVS_ANACAONA_UA_FAITH_GPP';
DELETE FROM Modifiers WHERE ModifierId='MODIFIER_CVS_ANACAONA_UA_FAITH_ENVOY';


-- change dedication / policy card correspondance
INSERT INTO	Modifiers
		(ModifierId,													ModifierType,														SubjectRequirementSetId			)
VALUES  ('BBG_MODIFIER_WILDCARD_POLICY_SLOT_ON_DEDICATION',			'MODIFIER_PLAYER_CULTURE_ADJUST_GOVERNMENT_SLOTS_MODIFIER',			'REQSET_CVS_LEADER_IS_TAINO_AND_UNLOCKED_POLITICAL_PHILOSOPHY'	),
		('BBG_MODIFIER_ECONOMIC_POLICY_SLOT_ON_DEDICATION',			'MODIFIER_PLAYER_CULTURE_ADJUST_GOVERNMENT_SLOTS_MODIFIER',			'REQSET_CVS_LEADER_IS_TAINO_AND_UNLOCKED_POLITICAL_PHILOSOPHY'	),
		('BBG_MODIFIER_DIPLOMATIC_POLICY_SLOT_ON_DEDICATION',		'MODIFIER_PLAYER_CULTURE_ADJUST_GOVERNMENT_SLOTS_MODIFIER',			'REQSET_CVS_LEADER_IS_TAINO_AND_UNLOCKED_POLITICAL_PHILOSOPHY'	),
		('BBG_MODIFIER_MILITARY_POLICY_SLOT_ON_DEDICATION',			'MODIFIER_PLAYER_CULTURE_ADJUST_GOVERNMENT_SLOTS_MODIFIER',			'REQSET_CVS_LEADER_IS_TAINO_AND_UNLOCKED_POLITICAL_PHILOSOPHY'	);


INSERT INTO ModifierArguments
		(ModifierId,															Name,					Value													)
VALUES  ('BBG_MODIFIER_WILDCARD_POLICY_SLOT_ON_DEDICATION',					'GovernmentSlotType',	'SLOT_WILDCARD'					),
		('BBG_MODIFIER_WILDCARD_POLICY_SLOT_ON_DEDICATION',					'Amount',				1								),
		('BBG_MODIFIER_ECONOMIC_POLICY_SLOT_ON_DEDICATION',					'GovernmentSlotType',	'SLOT_ECONOMIC'					),
		('BBG_MODIFIER_ECONOMIC_POLICY_SLOT_ON_DEDICATION',					'Amount',				1								),
		('BBG_MODIFIER_DIPLOMATIC_POLICY_SLOT_ON_DEDICATION',				'GovernmentSlotType',	'SLOT_DIPLOMATIC'					),
		('BBG_MODIFIER_DIPLOMATIC_POLICY_SLOT_ON_DEDICATION',				'Amount',				1								),
		('BBG_MODIFIER_MILITARY_POLICY_SLOT_ON_DEDICATION',					'GovernmentSlotType',	'SLOT_MILITARY'					),
		('BBG_MODIFIER_MILITARY_POLICY_SLOT_ON_DEDICATION',					'Amount',				1								);

INSERT INTO	CommemorationModifiers	
		(CommemorationType,									ModifierId									)
VALUES	------Classical------------------------------------------
		('COMMEMORATION_SCIENTIFIC',				'BBG_MODIFIER_ECONOMIC_POLICY_SLOT_ON_DEDICATION'	), --FI
		('COMMEMORATION_CULTURAL',					'BBG_MODIFIER_DIPLOMATIC_POLICY_SLOT_ON_DEDICATION'	), -- P&B
		('COMMEMORATION_INFRASTRUCTURE',			'BBG_MODIFIER_WILDCARD_POLICY_SLOT_ON_DEDICATION'	), --  Monu
		('COMMEMORATION_RELIGIOUS',					'BBG_MODIFIER_MILITARY_POLICY_SLOT_ON_DEDICATION'	), -- Drums

		------Renaissance-----------------------------------------
		('COMMEMORATION_ECONOMIC',					'BBG_MODIFIER_ECONOMIC_POLICY_SLOT_ON_DEDICATION'	), --  reform
		('COMMEMORATION_EXPLORATION',				'BBG_MODIFIER_DIPLOMATIC_POLICY_SLOT_ON_DEDICATION'	), -- hin sunc
		('COMMEMORATION_INDUSTRIAL',				'BBG_MODIFIER_WILDCARD_POLICY_SLOT_ON_DEDICATION'	), -- heart of the steam
        ('COMMEMORATION_MILITARY',					'BBG_MODIFIER_MILITARY_POLICY_SLOT_ON_DEDICATION'	), -- to arms

		------Industrial-----------------------------------------
		('COMMEMORATION_TOURISM',					'BBG_MODIFIER_WILDCARD_POLICY_SLOT_ON_DEDICATION'	), -- joker  
		('COMMEMORATION_AERONAUTICAL',				'BBG_MODIFIER_ECONOMIC_POLICY_SLOT_ON_DEDICATION'	),
		('COMMEMORATION_ESPIONAGE',					'BBG_MODIFIER_DIPLOMATIC_POLICY_SLOT_ON_DEDICATION'	),
		('COMMEMORATION_AUTOMATON',					'BBG_MODIFIER_MILITARY_POLICY_SLOT_ON_DEDICATION'	);

-- from Lili of Lime

--====================================================================================================================
--	LUA: 'Onipa'a
--		Great Person Policies provide +3 Food per turn in Cities with the district corresponding to that Great Person
--		Type. Diplomatic Policies provide +1 amenity in city with UD.
--====================================================================================================================
-- Idk how to do this without hardcoding
-- soooo

-- Great People Stuff

INSERT INTO PolicyModifiers
		(PolicyType,								ModifierId)
VALUES	('POLICY_FRESCOES',							'LIME_LILI_FRESCOES_FOOD_ATTACH'),					
		('POLICY_INSPIRATION',						'LIME_LILI_INSPIRATION_FOOD_ATTACH'),				
		('POLICY_INVENTION',						'LIME_LILI_INVENTION_FOOD_ATTACH'),				
		('POLICY_LAISSEZ_FAIRE',					'LIME_LILI_LAISSEZ_FAIRE_FOOD_ADM_ATTACH'),		
		('POLICY_LAISSEZ_FAIRE',					'LIME_LILI_LAISSEZ_FAIRE_FOOD_MER_ATTACH'),		
		('POLICY_LITERARY_TRADITION',				'LIME_LILI_LITERARY_TRADITION_FOOD_ATTACH'),		
		('POLICY_MILITARY_ORGANIZATION',			'LIME_LILI_MILITARY_ORGANIZATION_FOOD_ATTACH'),	
		('POLICY_NAVIGATION',						'LIME_LILI_NAVIGATION_FOOD_ATTACH'),				
		('POLICY_NOBEL_PRIZE',						'LIME_LILI_NOBEL_PRIZE_FOOD_SCI_ATTACH'),			
		('POLICY_NOBEL_PRIZE',						'LIME_LILI_NOBEL_PRIZE_FOOD_ENG_ATTACH'),			
		('POLICY_REVELATION',						'LIME_LILI_REVELATION_FOOD_ATTACH'),				
		('POLICY_STRATEGOS',						'LIME_LILI_STRATEGOS_FOOD_ATTACH'),				
		('POLICY_SYMPHONIES',						'LIME_LILI_SYMPHONIES_FOOD_ATTACH'),				
		('POLICY_TRAVELING_MERCHANTS',				'LIME_LILI_TRAVELING_MERCHANTS_FOOD_ATTACH');		

INSERT INTO Modifiers
		(ModifierId,									ModifierType,								SubjectRequirementSetId)					
VALUES	('LIME_LILI_FRESCOES_FOOD_ATTACH',				'MODIFIER_PLAYER_CITIES_ATTACH_MODIFIER',	'REQSET_CVS_LEADER_IS_TAINO'),	-- Great Artist			
		('LIME_LILI_INSPIRATION_FOOD_ATTACH',			'MODIFIER_PLAYER_CITIES_ATTACH_MODIFIER',	'REQSET_CVS_LEADER_IS_TAINO'),	-- Great Scientist		
		('LIME_LILI_INVENTION_FOOD_ATTACH',				'MODIFIER_PLAYER_CITIES_ATTACH_MODIFIER',	'REQSET_CVS_LEADER_IS_TAINO'),	-- Great Engineer		
		('LIME_LILI_LAISSEZ_FAIRE_FOOD_ADM_ATTACH',		'MODIFIER_PLAYER_CITIES_ATTACH_MODIFIER',	'REQSET_CVS_LEADER_IS_TAINO'),	-- Great Admiral
		('LIME_LILI_LAISSEZ_FAIRE_FOOD_MER_ATTACH',		'MODIFIER_PLAYER_CITIES_ATTACH_MODIFIER',	'REQSET_CVS_LEADER_IS_TAINO'),	-- Great Merchant
		('LIME_LILI_LITERARY_TRADITION_FOOD_ATTACH',	'MODIFIER_PLAYER_CITIES_ATTACH_MODIFIER',	'REQSET_CVS_LEADER_IS_TAINO'),	-- Great Writer
		('LIME_LILI_MILITARY_ORGANIZATION_FOOD_ATTACH',	'MODIFIER_PLAYER_CITIES_ATTACH_MODIFIER',	'REQSET_CVS_LEADER_IS_TAINO'),	-- Great General
		('LIME_LILI_NAVIGATION_FOOD_ATTACH',			'MODIFIER_PLAYER_CITIES_ATTACH_MODIFIER',	'REQSET_CVS_LEADER_IS_TAINO'),	-- Great Admiral		
		('LIME_LILI_NOBEL_PRIZE_FOOD_SCI_ATTACH',		'MODIFIER_PLAYER_CITIES_ATTACH_MODIFIER',	'REQSET_CVS_LEADER_IS_TAINO'),	-- Great Scientist	
		('LIME_LILI_NOBEL_PRIZE_FOOD_ENG_ATTACH',		'MODIFIER_PLAYER_CITIES_ATTACH_MODIFIER',	'REQSET_CVS_LEADER_IS_TAINO'),	-- Great Engineer	
		('LIME_LILI_REVELATION_FOOD_ATTACH',			'MODIFIER_PLAYER_CITIES_ATTACH_MODIFIER',	'REQSET_CVS_LEADER_IS_TAINO'),	-- Great Prophet		
		('LIME_LILI_STRATEGOS_FOOD_ATTACH',				'MODIFIER_PLAYER_CITIES_ATTACH_MODIFIER',	'REQSET_CVS_LEADER_IS_TAINO'),	-- Great General		
		('LIME_LILI_SYMPHONIES_FOOD_ATTACH',			'MODIFIER_PLAYER_CITIES_ATTACH_MODIFIER',	'REQSET_CVS_LEADER_IS_TAINO'),	-- Great Musician		
		('LIME_LILI_TRAVELING_MERCHANTS_FOOD_ATTACH',	'MODIFIER_PLAYER_CITIES_ATTACH_MODIFIER',	'REQSET_CVS_LEADER_IS_TAINO'),	-- Great Merchant

		('LIME_LILI_FRESCOES_FOOD',						'MODIFIER_SINGLE_CITY_ADJUST_YIELD_CHANGE',	'REQSET_LIME_LILI_CITY_HAS_THEATRE'),		-- Theatre Square	fucking game doesn't have em all fucking fuck	
		('LIME_LILI_INSPIRATION_FOOD',					'MODIFIER_SINGLE_CITY_ADJUST_YIELD_CHANGE',	'REQSET_LIME_LILI_CITY_HAS_CAMPUS'),		-- Campus		
		('LIME_LILI_INVENTION_FOOD',					'MODIFIER_SINGLE_CITY_ADJUST_YIELD_CHANGE',	'REQSET_LIME_LILI_CITY_HAS_INDUSTRIAL'),	-- Industrial Zone		
		('LIME_LILI_LAISSEZ_FAIRE_FOOD_ADM',			'MODIFIER_SINGLE_CITY_ADJUST_YIELD_CHANGE',	'REQSET_LIME_LILI_CITY_HAS_HARBOUR'),		-- Harbour
		('LIME_LILI_LAISSEZ_FAIRE_FOOD_MER',			'MODIFIER_SINGLE_CITY_ADJUST_YIELD_CHANGE',	'CITY_HAS_COMMERCIAL_HUB'),					-- Commercial Hub
		('LIME_LILI_LITERARY_TRADITION_FOOD',			'MODIFIER_SINGLE_CITY_ADJUST_YIELD_CHANGE',	'REQSET_LIME_LILI_CITY_HAS_THEATRE'),		-- Theatre Square
		('LIME_LILI_MILITARY_ORGANIZATION_FOOD',		'MODIFIER_SINGLE_CITY_ADJUST_YIELD_CHANGE',	'CITY_HAS_ENCAMPMENT'),						-- Encampment
		('LIME_LILI_NAVIGATION_FOOD',					'MODIFIER_SINGLE_CITY_ADJUST_YIELD_CHANGE',	'REQSET_LIME_LILI_CITY_HAS_HARBOUR'),		-- Harbour		
		('LIME_LILI_NOBEL_PRIZE_FOOD_SCI',				'MODIFIER_SINGLE_CITY_ADJUST_YIELD_CHANGE',	'REQSET_LIME_LILI_CITY_HAS_CAMPUS'),		-- Campus	
		('LIME_LILI_NOBEL_PRIZE_FOOD_ENG',				'MODIFIER_SINGLE_CITY_ADJUST_YIELD_CHANGE',	'REQSET_LIME_LILI_CITY_HAS_INDUSTRIAL'),	-- Industrial Zone	
		('LIME_LILI_REVELATION_FOOD',					'MODIFIER_SINGLE_CITY_ADJUST_YIELD_CHANGE',	'CITY_HAS_HOLY_SITE'),						-- Holy Site	
		('LIME_LILI_STRATEGOS_FOOD',					'MODIFIER_SINGLE_CITY_ADJUST_YIELD_CHANGE',	'CITY_HAS_ENCAMPMENT'),						-- Encampment		
		('LIME_LILI_SYMPHONIES_FOOD',					'MODIFIER_SINGLE_CITY_ADJUST_YIELD_CHANGE',	'REQSET_LIME_LILI_CITY_HAS_THEATRE'),		-- Theatre Square		
		('LIME_LILI_TRAVELING_MERCHANTS_FOOD',			'MODIFIER_SINGLE_CITY_ADJUST_YIELD_CHANGE',	'CITY_HAS_COMMERCIAL_HUB');					-- Commercial Hub

INSERT INTO ModifierArguments
		(ModifierId,									Name,			Value)
VALUES	('LIME_LILI_FRESCOES_FOOD_ATTACH',				'ModifierId',	'LIME_LILI_FRESCOES_FOOD'),					
		('LIME_LILI_INSPIRATION_FOOD_ATTACH',			'ModifierId',	'LIME_LILI_INSPIRATION_FOOD'),				
		('LIME_LILI_INVENTION_FOOD_ATTACH',				'ModifierId',	'LIME_LILI_INVENTION_FOOD'),				
		('LIME_LILI_LAISSEZ_FAIRE_FOOD_ADM_ATTACH',		'ModifierId',	'LIME_LILI_LAISSEZ_FAIRE_FOOD_ADM'),		
		('LIME_LILI_LAISSEZ_FAIRE_FOOD_MER_ATTACH',		'ModifierId',	'LIME_LILI_LAISSEZ_FAIRE_FOOD_MER'),		
		('LIME_LILI_LITERARY_TRADITION_FOOD_ATTACH',	'ModifierId',	'LIME_LILI_LITERARY_TRADITION_FOOD'),		
		('LIME_LILI_MILITARY_ORGANIZATION_FOOD_ATTACH',	'ModifierId',	'LIME_LILI_MILITARY_ORGANIZATION_FOOD'),	
		('LIME_LILI_NAVIGATION_FOOD_ATTACH',			'ModifierId',	'LIME_LILI_NAVIGATION_FOOD'),				
		('LIME_LILI_NOBEL_PRIZE_FOOD_SCI_ATTACH',		'ModifierId',	'LIME_LILI_NOBEL_PRIZE_FOOD_SCI'),			
		('LIME_LILI_NOBEL_PRIZE_FOOD_ENG_ATTACH',		'ModifierId',	'LIME_LILI_NOBEL_PRIZE_FOOD_ENG'),			
		('LIME_LILI_REVELATION_FOOD_ATTACH',			'ModifierId',	'LIME_LILI_REVELATION_FOOD'),				
		('LIME_LILI_STRATEGOS_FOOD_ATTACH',				'ModifierId',	'LIME_LILI_STRATEGOS_FOOD'),				
		('LIME_LILI_SYMPHONIES_FOOD_ATTACH',			'ModifierId',	'LIME_LILI_SYMPHONIES_FOOD'),				
		('LIME_LILI_TRAVELING_MERCHANTS_FOOD_ATTACH',	'ModifierId',	'LIME_LILI_TRAVELING_MERCHANTS_FOOD'),		

		('LIME_LILI_FRESCOES_FOOD',						'YieldType',	'YIELD_FOOD'),
		('LIME_LILI_INSPIRATION_FOOD',					'YieldType',	'YIELD_FOOD'),
		('LIME_LILI_INVENTION_FOOD',					'YieldType',	'YIELD_FOOD'),
		('LIME_LILI_LAISSEZ_FAIRE_FOOD_ADM',			'YieldType',	'YIELD_FOOD'),
		('LIME_LILI_LAISSEZ_FAIRE_FOOD_MER',			'YieldType',	'YIELD_FOOD'),
		('LIME_LILI_LITERARY_TRADITION_FOOD',			'YieldType',	'YIELD_FOOD'),
		('LIME_LILI_MILITARY_ORGANIZATION_FOOD',		'YieldType',	'YIELD_FOOD'),
		('LIME_LILI_NAVIGATION_FOOD',					'YieldType',	'YIELD_FOOD'),
		('LIME_LILI_NOBEL_PRIZE_FOOD_SCI',				'YieldType',	'YIELD_FOOD'),
		('LIME_LILI_NOBEL_PRIZE_FOOD_ENG',				'YieldType',	'YIELD_FOOD'),
		('LIME_LILI_REVELATION_FOOD',					'YieldType',	'YIELD_FOOD'),
		('LIME_LILI_STRATEGOS_FOOD',					'YieldType',	'YIELD_FOOD'),
		('LIME_LILI_SYMPHONIES_FOOD',					'YieldType',	'YIELD_FOOD'),
		('LIME_LILI_TRAVELING_MERCHANTS_FOOD',			'YieldType',	'YIELD_FOOD'),
														
		('LIME_LILI_FRESCOES_FOOD',						'Amount',		3),
		('LIME_LILI_INSPIRATION_FOOD',					'Amount',		3),
		('LIME_LILI_INVENTION_FOOD',					'Amount',		3),
		('LIME_LILI_LAISSEZ_FAIRE_FOOD_ADM',			'Amount',		3),
		('LIME_LILI_LAISSEZ_FAIRE_FOOD_MER',			'Amount',		3),
		('LIME_LILI_LITERARY_TRADITION_FOOD',			'Amount',		3),
		('LIME_LILI_MILITARY_ORGANIZATION_FOOD',		'Amount',		3),
		('LIME_LILI_NAVIGATION_FOOD',					'Amount',		3),
		('LIME_LILI_NOBEL_PRIZE_FOOD_SCI',				'Amount',		3),
		('LIME_LILI_NOBEL_PRIZE_FOOD_ENG',				'Amount',		3),
		('LIME_LILI_REVELATION_FOOD',					'Amount',		3),
		('LIME_LILI_STRATEGOS_FOOD',					'Amount',		3),
		('LIME_LILI_SYMPHONIES_FOOD',					'Amount',		3),
		('LIME_LILI_TRAVELING_MERCHANTS_FOOD',			'Amount',		3);
														
-- Diplo Policy Stuff

INSERT INTO PolicyModifiers
		(PolicyType,								ModifierId)
SELECT	PolicyType,									'LIME_LILI_'||PolicyType||'_AMENITIES'
FROM Policies 
	WHERE GovernmentSlotType = 'SLOT_DIPLOMATIC';

INSERT INTO Modifiers
		(ModifierId,								ModifierType,										SubjectRequirementSetId)
SELECT 'LIME_LILI_'||PolicyType||'_AMENITIES',		'MODIFIER_PLAYER_CITIES_ADJUST_POLICY_AMENITY',		'REQSET_CVS_LEADER_IS_TAINO_AND_CITY_HAS_DISTRICT'
FROM Policies
	WHERE GovernmentSlotType = 'SLOT_DIPLOMATIC';

INSERT INTO ModifierArguments
		(ModifierId,								Name,			Value)
SELECT 'LIME_LILI_'||PolicyType||'_AMENITIES',	'Amount',		1
FROM Policies
	WHERE GovernmentSlotType = 'SLOT_DIPLOMATIC';

INSERT INTO RequirementSets
		(RequirementSetId,										RequirementSetType)
VALUES	('REQSET_CVS_LEADER_IS_TAINO_AND_CITY_HAS_DISTRICT',	'REQUIREMENTSET_TEST_ALL'),
		('REQSET_CVS_LEADER_IS_TAINO_AND_UNLOCKED_POLITICAL_PHILOSOPHY','REQUIREMENTSET_TEST_ALL'),
		('REQSET_LIME_LILI_CITY_HAS_THEATRE',					'REQUIREMENTSET_TEST_ALL'),	
		('REQSET_LIME_LILI_CITY_HAS_CAMPUS',					'REQUIREMENTSET_TEST_ALL'),	
		('REQSET_LIME_LILI_CITY_HAS_INDUSTRIAL',				'REQUIREMENTSET_TEST_ALL'),
		('REQSET_LIME_LILI_CITY_HAS_HARBOUR',					'REQUIREMENTSET_TEST_ALL');

INSERT INTO RequirementSetRequirements
		(RequirementSetId,										RequirementId)
VALUES	('REQSET_CVS_LEADER_IS_TAINO_AND_CITY_HAS_DISTRICT',	'REQ_CVS_LEADER_IS_ANACAONA'),
		('REQSET_CVS_LEADER_IS_TAINO_AND_CITY_HAS_DISTRICT',	'REQUIRES_CITY_HAS_DISTRICT_CVS_TAINO_UI'),
		('REQSET_CVS_LEADER_IS_TAINO_AND_UNLOCKED_POLITICAL_PHILOSOPHY','BBG_UTILS_PLAYER_HAS_CIVIC_POLITICAL_PHILOSOPHY_REQUIREMENT'),
		('REQSET_CVS_LEADER_IS_TAINO_AND_UNLOCKED_POLITICAL_PHILOSOPHY','REQ_CVS_LEADER_IS_ANACAONA'),
		('REQSET_LIME_LILI_CITY_HAS_THEATRE',					'REQUIRES_CITY_HAS_THEATER_DISTRICT'),	
		('REQSET_LIME_LILI_CITY_HAS_CAMPUS',					'REQUIRES_CITY_HAS_CAMPUS'),	
		('REQSET_LIME_LILI_CITY_HAS_INDUSTRIAL',				'REQUIRES_CITY_HAS_INDUSTRIAL_ZONE'),
		('REQSET_LIME_LILI_CITY_HAS_HARBOUR',					'REQUIRES_CITY_HAS_HARBOR');

INSERT INTO Requirements
		(RequirementId,											RequirementType)
VALUES 	('REQUIRES_CITY_HAS_DISTRICT_CVS_TAINO_UI',				'REQUIREMENT_CITY_HAS_DISTRICT');

INSERT INTO RequirementArguments
		(RequirementId,											Name,			Value)
VALUES	('REQUIRES_CITY_HAS_DISTRICT_CVS_TAINO_UI',				'DistrictType',	'DISTRICT_CVS_TAINO_UI');

-- +5 % gold  +3 amenities / 5 / 8
INSERT INTO Modifiers
		(ModifierId,											ModifierType												)
VALUES 	('BBG_TAINO_GOLD_HAPPY',					'MODIFIER_PLAYER_CITIES_ADJUST_HAPPINESS_YIELD'),
		('BBG_TAINO_GOLD_ECSTATIC',				'MODIFIER_PLAYER_CITIES_ADJUST_HAPPINESS_YIELD'),
		('BBG_TAINO_GOLD_EUPHORIC',				'MODIFIER_PLAYER_CITIES_ADJUST_HAPPINESS_YIELD');

INSERT INTO ModifierArguments(ModifierId, Name, Value) VALUES
('BBG_TAINO_GOLD_HAPPY', 'YieldType', 'YIELD_GOLD'),
('BBG_TAINO_GOLD_HAPPY', 'HappinessType', 'HAPPINESS_HAPPY'),
('BBG_TAINO_GOLD_HAPPY', 'Amount', 5),
('BBG_TAINO_GOLD_ECSTATIC', 'YieldType', 'YIELD_GOLD'),
('BBG_TAINO_GOLD_ECSTATIC', 'HappinessType', 'HAPPINESS_ECSTATIC'),
('BBG_TAINO_GOLD_ECSTATIC', 'Amount', 10),
('BBG_TAINO_GOLD_EUPHORIC', 'YieldType', 'YIELD_GOLD'),
('BBG_TAINO_GOLD_EUPHORIC', 'HappinessType', 'HAPPINESS_UNHAPPY'),
('BBG_TAINO_GOLD_EUPHORIC', 'Amount', 15);

INSERT INTO TraitModifiers (TraitType, ModifierId) VALUES
	('TRAIT_LEADER_CVS_ANACAONA_UA', 'BBG_TAINO_GOLD_HAPPY'),
	('TRAIT_LEADER_CVS_ANACAONA_UA', 'BBG_TAINO_GOLD_ECSTATIC'),
	('TRAIT_LEADER_CVS_ANACAONA_UA', 'BBG_TAINO_GOLD_EUPHORIC');


-- UD adjency : +2 prod per commercial hub or harbor
INSERT INTO District_Adjacencies
		(DistrictType,				YieldChangeId)
VALUES ('DISTRICT_CVS_TAINO_UI',	'BBG_PRODUCTION_TAINO_COMMERCIAL_HUB'),
		('DISTRICT_CVS_TAINO_UI',	'BBG_PRODUCTION_TAINO_HARBOR');
INSERT INTO Adjacency_YieldChanges(ID, Description, YieldType, YieldChange, AdjacentDistrict) VALUES
    ('BBG_PRODUCTION_TAINO_COMMERCIAL_HUB', 'LOC_BBG_PRODUCTION_TAINO_COMMERCIAL_HUB', 'YIELD_PRODUCTION', 2, 'DISTRICT_COMMERCIAL_HUB'),
    ('BBG_PRODUCTION_TAINO_HARBOR', 'LOC_BBG_PRODUCTION_TAINO_HARBOR', 'YIELD_PRODUCTION', 2, 'DISTRICT_HARBOR');
-- Discount and cost need to be adjusted as a UD (copy from other UD)
UPDATE Districts SET Cost = 30, CostProgressionParam1 = 35 WHERE Districts.DistrictType = 'DISTRICT_CVS_TAINO_UI';



-- gives +2 to adjacent theatres as all entertainment complexes
INSERT INTO District_Adjacencies
		(DistrictType,				YieldChangeId)
VALUES ('DISTRICT_THEATER',	'BBG_TAINO_THEATRE_CULTURE');
INSERT INTO Adjacency_YieldChanges(ID, Description, YieldType, YieldChange, AdjacentDistrict) VALUES
	('BBG_TAINO_THEATRE_CULTURE', 'LOC_BBG_TAINO_THEATRE_CULTURE', 'YIELD_CULTURE', 2, 'DISTRICT_CVS_TAINO_UI');

-- UU : reduce cost to match the cost of a scout 
UPDATE Units SET BaseSightRange=3, BaseMoves=3 WHERE UnitType='UNIT_CVS_TAINO_UU';


-- do not disable scout for FFA (foreign trade boost)
DELETE FROM Modifiers WHERE ModifierId='MODIFIER_CVS_TAINO_UU_DISABLE_SCOUT';


-- Ancient unit gets -5 agaisnt city center, see Base/Units.sql
INSERT INTO TypeTags (Type, Tag) VALUES
    ('UNIT_CVS_TAINO_UU', 'CLASS_MALUS_CITY_CENTER');

-- Macana like oki : 15 and +5 vs stronger units
UPDATE Units SET Combat=15 WHERE UnitType='UNIT_CVS_TAINO_UU';

INSERT OR IGNORE INTO Requirements(RequirementId, RequirementType) VALUES
    ('REQUIRES_COMBAT_AGAINST_STRONGER_UNIT','REQUIREMENT_OPPONENT_IS_STRONGER');
INSERT OR IGNORE INTO RequirementSets (RequirementSetId, RequirementSetType) VALUES
    ('COMBAT_AGAINST_STRONGER_UNIT_REQUIREMENTS', 'REQUIREMENTSET_TEST_ALL');
INSERT OR IGNORE INTO RequirementSetRequirements (RequirementSetId, RequirementId) VALUES
    ('COMBAT_AGAINST_STRONGER_UNIT_REQUIREMENTS', 'REQUIRES_COMBAT_AGAINST_STRONGER_UNIT');

INSERT INTO Modifiers (ModifierId, ModifierType, SubjectRequirementSetId) VALUES
	('BBG_CVS_TAINO_UU_AGAINST_STRONGER_UNITS', 'MODIFIER_UNIT_ADJUST_COMBAT_STRENGTH', 'COMBAT_AGAINST_STRONGER_UNIT_REQUIREMENTS');
INSERT INTO ModifierArguments (ModifierId, Name, Value) VALUES
	('BBG_CVS_TAINO_UU_AGAINST_STRONGER_UNITS', 'Amount', 5);

INSERT INTO Types (Type, Kind) VALUES
	('BBG_ABILITY_CVS_TAINO_UU_AGAINST_STRONGER_UNITS', 'KIND_ABILITY');
INSERT INTO TypeTags (Type, Tag) VALUES
    ('BBG_ABILITY_CVS_TAINO_UU_AGAINST_STRONGER_UNITS', 'CLASS_CVS_TAINO_UU');
INSERT INTO UnitAbilities (UnitAbilityType, Name, Description) VALUES
    ('BBG_ABILITY_CVS_TAINO_UU_AGAINST_STRONGER_UNITS', 'LOC_BBG_ABILITY_CVS_TAINO_UU_AGAINST_STRONGER_UNITS', 'LOC_BBG_ABILITY_CVS_TAINO_UU_AGAINST_STRONGER_UNITS_DESCRIPTION');
INSERT INTO UnitAbilityModifiers (UnitAbilityType, ModifierId) VALUES
    ('BBG_ABILITY_CVS_TAINO_UU_AGAINST_STRONGER_UNITS', 'BBG_CVS_TAINO_UU_AGAINST_STRONGER_UNITS');
INSERT INTO ModifierStrings (ModifierId, Context, Text) VALUES
    ('BBG_CVS_TAINO_UU_AGAINST_STRONGER_UNITS', 'Preview', 'LOC_BBG_ABILITY_CVS_TAINO_UU_AGAINST_STRONGER_UNITS_DESCRIPTION');